country,year,gender,age,nobs_res_1yr_log_chg,mean_res_1yr_log_chg,std_res_1yr_log_chg,skew_res_1yr_log_chg,kurt_res_1yr_log_chg,kelley_res_1yr_log_chg,crows_res_1yr_log_chg,nobs_res_5yr_log_chg,mean_res_5yr_log_chg,std_res_5yr_log_chg,skew_res_5yr_log_chg,kurt_res_5yr_log_chg,kelley_res_5yr_log_chg,crows_res_5yr_log_chg
ARG,1996,All genders,25-55,84144.0,0.1270313,0.67688888,-0.39707839,9.4244099,0.10790364,12.524146,57803.0,0.0284272,0.90886009,-0.44949159,6.8594441,-0.0077990065,7.2209988
ARG,1997,All genders,25-55,90078.0,0.072122701,0.69620699,-0.2803874,8.641346,0.090017386,12.61995,57061.0,-0.063654199,0.94046879,-0.54149407,6.8535428,-0.039979223,7.6580629
ARG,1998,All genders,25-55,91999.0,0.035880402,0.67634952,-0.83249289,9.8834105,-0.1230581,12.916883,60807.0,-0.051252,0.876984,-0.75455737,7.4281421,-0.10398273,7.2374549
ARG,1999,All genders,25-55,91251.0,0.040773101,0.67030692,-0.7108565,9.7578917,-0.13958,13.246468,64335.0,0.0214648,0.84806043,-0.48427841,7.3199239,-0.034746736,6.9357862
ARG,2000,All genders,25-55,90885.0,0.030134801,0.65990722,-0.75222403,9.8368807,-0.12769096,13.237453,67712.0,0.066032603,0.82940823,-0.25249189,7.0043058,0.048264906,6.3112125
ARG,2001,All genders,25-55,85311.0,-0.0505259,0.67628241,-1.255704,10.39608,-0.26980636,12.379189,69736.0,0.1154421,0.8224318,-0.1262095,6.8243618,0.089287825,5.9148026
ARG,2002,All genders,25-55,82836.0,0.1220841,0.6397813,-0.58590281,11.72938,0.14483014,10.094409,66111.0,0.2080638,0.8327871,0.085919604,6.8831658,0.17742439,5.9935956
ARG,2003,All genders,25-55,90396.0,0.15126491,0.63357139,-0.1224644,9.8418617,0.29343721,9.4219923,71330.0,0.1806584,0.82970518,0.048108101,6.7065382,0.19409627,5.8748732
ARG,2004,All genders,25-55,100702.0,0.1384154,0.62123579,-0.2391537,9.5587463,0.23922879,10.26884,76954.0,0.1344422,0.79997033,-0.2837806,6.9365931,0.13315025,6.2118163
ARG,2005,All genders,25-55,110738.0,0.13437399,0.60370511,-0.45089009,9.6943331,0.16860069,10.369794,83608.0,0.1050209,0.78791243,-0.50736117,7.2659822,0.059683774,6.7072444
ARG,2006,All genders,25-55,120233.0,0.1194941,0.60225481,-0.53848618,9.890564,0.14211182,11.076858,90467.0,0.082221597,0.77355409,-0.55956239,7.4482932,0.032785129,6.7522163
ARG,2007,All genders,25-55,128682.0,0.088110402,0.61488831,-0.76891452,9.7034779,0.036502793,10.974965,96241.0,0.045014001,0.77542239,-0.68246698,7.5982251,-0.018231772,6.9990668
ARG,2008,All genders,25-55,132358.0,0.046607699,0.59629953,-1.178805,10.36381,-0.16680589,11.486521,100172.0,0.027663801,0.758542,-0.78549522,7.877151,-0.066538371,7.3295398
ARG,2009,All genders,25-55,132851.0,0.070294097,0.57969028,-0.95124078,10.81975,-0.051368691,12.842637,100008.0,0.044209301,0.75927711,-0.70680511,8.0319071,-0.020038314,7.6748905
ARG,2010,All genders,25-55,137301.0,0.090935796,0.57310891,-0.7564044,11.0844,0.059432603,12.771311,102648.0,0.0455973,0.74858332,-0.71855342,8.2522821,-0.0036622754,7.7416592
ARG,2011,All genders,25-55,142450.0,0.0554897,0.58309102,-0.96154028,11.08817,-0.057241447,13.275747,,,,,,,
ARG,2012,All genders,25-55,144627.0,0.055959702,0.5772596,-0.97885472,11.35098,-0.080144174,15.14727,,,,,,,
ARG,2013,All genders,25-55,145710.0,0.055294201,0.58445108,-1.070002,11.74979,-0.083379894,15.365793,,,,,,,
ARG,2014,All genders,25-55,146956.0,0.0651915,0.57333618,-0.93382603,11.96917,-0.0022519375,15.341388,,,,,,,
ARG,2015,All genders,25-55,,,,,,,,,,,,,,
BRA,1985,All genders,25-55,13600000.0,0.0531339,0.6294733,-0.8299111,11.27395,0.1072233000038484,6.370878158618964,10600000.0,0.1126755,0.8633599,-0.8493623,7.335793,-0.0741513622396305,4.627491337203582
BRA,1986,All genders,25-55,14500000.0,0.0196148,0.7018428,-0.6557667,9.824286000000001,-0.0674096478965851,6.896499978562547,11000000.0,0.0312571,0.8573543,-0.611899,6.559194,-0.1214967757388548,4.637775645871881
BRA,1987,All genders,25-55,15100000.0,-0.0299424,0.7685246999999999,-1.112513,9.654315,-0.1393744779323162,7.872715941568576,11100000.0,-0.0254789,0.9304994,-0.9441788,7.149914,-0.1611422861778242,5.127447350855736
BRA,1988,All genders,25-55,15800000.0,-0.0492624,0.8291595,-1.178507,9.14486,-0.2165468037516799,8.955056932350972,11800000.0,-0.0339266,0.9778678,-1.005965,7.741252,-0.1736398966576585,5.686505563922998
BRA,1989,All genders,25-55,16200000.0,-0.0612631,0.7959836,-0.9923986,10.28261,-0.1585229772882184,7.605938368933016,12000000.0,-0.041382,0.9542859,-0.507031,7.521842,-0.1092850597281,5.570835296481913
BRA,1990,All genders,25-55,16100000.0,-0.0708999,0.7419376,-0.6926441,8.918888000000001,-0.1849365485425999,7.069932796459688,12500000.0,0.0049812,0.8568877,-0.1759882,6.615319,-0.1128039023089213,4.920520403296107
BRA,1991,All genders,25-55,16000000.0,-0.0774196,0.8193115,-1.352858,8.921694,-0.2862118334750146,7.734281266119615,12300000.0,0.02893,0.8310778,-0.2389858,6.26039,-0.0888864326696103,5.075648998127288
BRA,1992,All genders,25-55,16300000.0,-0.0684006,0.8856986,-1.362229,9.776047,-0.2835125022857138,11.31811411240246,12200000.0,0.0634971,0.8716456,0.0770859,6.696801,-0.0376261061217108,5.485363181662157
BRA,1993,All genders,25-55,16600000.0,-0.0570669,0.8432196,-0.6823016,10.45027,-0.0876308777720799,10.85755261111774,12500000.0,0.0551417,0.8894301,0.3227689,7.352637,-0.0184536465525368,5.72938584246353
BRA,1994,All genders,25-55,17300000.0,0.0262973,0.7598467,-0.409524,8.879674,-0.137751178855461,8.337124272079903,12400000.0,0.0413832,0.9000221,-0.151589,6.755065,-0.0960074284510157,5.620536814620247
BRA,1995,All genders,25-55,18000000.0,-0.0054501,0.6559884,-0.4107163,8.385664999999999,-0.0443355069160861,8.908201661718964,12900000.0,0.0136823,0.808729,-0.3000691,6.322321,-0.0335425515848804,5.464480486591632
BRA,1996,All genders,25-55,18200000.0,0.0222494,0.6446043,-0.3919224,8.517498,-0.0191491966922703,10.30916382721412,13900000.0,0.0452469,0.8035908,-0.2995151,6.253605,-0.0272462522110595,5.565752414199287
BRA,1997,All genders,25-55,18600000.0,0.0173836,0.6346353,-0.3505079,8.653919999999999,0.018646955653073,10.4502840714772,14300000.0,0.0494983,0.7972662,-0.2844505,6.278068,-0.0161222187493194,5.58594806805327
BRA,1998,All genders,25-55,18600000.0,0.0176267,0.6231347,-0.4135516,8.976685,-0.0149269380985898,12.2007933670994,14800000.0,0.0579303,0.7774683,-0.3111471,6.496919,-0.0233990234579146,5.876704387093294
BRA,1999,All genders,25-55,19300000.0,0.0390725,0.6231552,-0.2085676,8.836429000000001,0.0614499360390743,11.53974137362429,14800000.0,0.0765885,0.7712347000000001,-0.2177278,6.545801,0.0093835038343682,5.92499515219408
BRA,2000,All genders,25-55,19600000.0,0.0494983,0.6394199,-0.2412496,8.482358,0.0357175315822957,10.76098435127114,15400000.0,0.0796751,0.7650593999999999,-0.2090393,6.549173,0.0151800671419254,5.913132821889184
BRA,2001,All genders,25-55,21500000.0,0.0347141,0.6257349,-0.3847206,8.82052,0.0272043639887984,11.27207431731397,17200000.0,0.0639353,0.7578865,-0.2331124,6.525621,0.0249793752952198,5.845322397825373
BRA,2002,All genders,25-55,22600000.0,0.0244629,0.6243337,-0.4748526,8.792471000000001,-0.0135424970835369,11.57390581073352,18300000.0,0.0675761,0.7548105000000001,-0.2137946,6.463707,0.031954391109905,5.782986893781552
BRA,2003,All genders,25-55,23600000.0,0.0375938,0.6041619,-0.3313155,8.954409,0.0622663453363533,11.46459372348364,19300000.0,0.0855223,0.7528386,-0.1276394,6.370023,0.0550498600924211,5.644198888784191
BRA,2004,All genders,25-55,24800000.0,0.0410297,0.6160402,-0.3438843,8.599615,0.0328505282874897,11.57307971790205,20300000.0,0.0793085,0.7633278,-0.2157601,6.221239,0.0183849373601873,5.576462490817256
BRA,2005,All genders,25-55,26400000.0,0.0324498,0.6095012,-0.3762111,8.627995,0.0367782216195308,11.1470777021348,21700000.0,0.0879456,0.7528723,-0.1680286,6.213737,0.0403703619882524,5.474777210383207
BRA,2006,All genders,25-55,28100000.0,0.0420384,0.6054441,-0.3905212,8.498626,0.0349984540163727,11.2239236163756,23100000.0,0.0967935,0.7467483,-0.1755685,6.203909,0.0537709465970652,5.48582980407879
BRA,2007,All genders,25-55,29800000.0,0.0517511,0.6098511,-0.3223458,8.253094000000001,0.0568169250403008,10.21986613901168,24300000.0,0.0857082,0.7414434,-0.1895784,6.164012,0.0589594805814221,5.402975149075672
BRA,2008,All genders,25-55,31600000.0,0.0264616,0.6231561,-0.5535442,7.96701,-0.0381913767393937,10.41026840489981,25700000.0,0.0681775,0.7390348,-0.2581048,6.153971,0.038897862642971,5.410370320108096
BRA,2009,All genders,25-55,33300000.0,0.0525848,0.6121734,-0.3269962,7.974592,0.0614609220726499,10.09542325004142,26400000.0,0.0627239,0.7407446,-0.2259876,6.152732,0.0533782068949199,5.438552445257614
BRA,2010,All genders,25-55,35100000.0,0.0413237,0.612258,-0.4069849,7.918147,0.0290222356246948,9.843953582887334,27100000.0,0.0150325,0.7341798,-0.3438734,6.265619,0.0097653376959405,5.534142741825883
BRA,2011,All genders,25-55,37100000.0,0.0239891,0.6051885,-0.4539977,8.049204,0.0064658712573737,9.828091888353679,27300000.0,-0.034837,0.7357441,-0.4411432,6.360142,-0.0416480891878575,5.773276456880504
BRA,2012,All genders,25-55,37600000.0,0.0216522,0.6064056,-0.5290037,8.022584999999999,-0.0268891688324537,10.27382104278032,27200000.0,-0.0545832,0.7280638,-0.5234137,6.477252,-0.0771644502808607,5.98033112233305
BRA,2013,All genders,25-55,39200000.0,0.0129867,0.6014516,-0.5408484,8.149073,-0.0260717994853509,10.73679826034848,28100000.0,-0.0639014,0.7186426,-0.4984615,6.560389,-0.0781457950853378,6.057536215847287
BRA,2014,All genders,25-55,39200000.0,-0.0203882,0.6058382,-0.6769554,8.358230000000001,-0.0967141632274762,11.62555208794969,,,,,,,
BRA,2015,All genders,25-55,37600000.0,-0.0363287,0.5885855,-0.8051256,9.000730000000001,-0.1761344424246309,13.06498499845884,,,,,,,
BRA,2016,All genders,25-55,36000000.0,-0.0103805,0.581777,-0.7440409,9.310287000000001,-0.1142569842574027,14.35337272733869,,,,,,,
BRA,2017,All genders,25-55,36400000.0,0.0131471,0.5676085,-0.5701212,9.451497,-0.0301400310588195,14.50982874027683,,,,,,,
BRA,2018,All genders,25-55,,,,,,,,,,,,,,
CAN,1983,All genders,25-55,6861801.0,0.058776099,0.54075748,-0.86759722,12.10477,0.048832152,12.031888,5790483.0,0.084893897,0.74467498,-0.41197759,8.150013,0.14935771,7.2423992
CAN,1984,All genders,25-55,7094355.0,0.062915303,0.52885658,-0.84779358,12.34024,0.07201615,11.559772,5991788.0,0.085183501,0.74173039,-0.44800219,8.2357178,0.15350193,7.2120018
CAN,1985,All genders,25-55,7303266.0,0.061622899,0.53022039,-0.87444788,12.17146,0.045624405,11.651225,6150467.0,0.077112801,0.74375182,-0.53345639,8.1209049,0.093929574,7.3292561
CAN,1986,All genders,25-55,7548636.0,0.064755298,0.53131127,-0.8536672,12.29533,0.086621292,10.984093,6276561.0,0.063952297,0.75777411,-0.6659627,7.9520712,0.0010701967,7.5434132
CAN,1987,All genders,25-55,7863336.0,0.056361601,0.53124839,-0.7506215,12.06432,0.096333735,10.731177,6487257.0,0.0425504,0.76591462,-0.78093201,7.9476142,-0.078596033,7.7586408
CAN,1988,All genders,25-55,8123261.0,0.055208001,0.53068,-0.88668889,12.26445,0.057174891,10.854068,6710762.0,0.032254301,0.75859481,-0.91184998,8.1978989,-0.13123097,7.8727717
CAN,1989,All genders,25-55,8278172.0,0.047379199,0.54031509,-1.083141,12.21191,-0.051612183,11.283261,6839446.0,0.025354199,0.74223948,-0.94471282,8.5193434,-0.13681686,8.0189257
CAN,1990,All genders,25-55,8303039.0,0.0322069,0.55545211,-1.24307,11.79057,-0.17025562,11.80068,6939123.0,0.0213154,0.73033822,-0.88698828,8.6305695,-0.093639091,8.0527945
CAN,1991,All genders,25-55,8319320.0,0.031946201,0.55592,-1.2007,11.82131,-0.1289175,12.751504,6922627.0,0.0332927,0.7340042,-0.75975841,8.4800501,-0.013561247,8.1026897
CAN,1992,All genders,25-55,8394125.0,0.043899599,0.54583001,-1.103837,12.20194,-0.038894512,13.269544,6965210.0,0.052950799,0.7329191,-0.65086079,8.5294905,0.067991786,7.7094789
CAN,1993,All genders,25-55,8460490.0,0.053516001,0.53769839,-0.99438548,12.44516,0.0271791,12.736067,7002846.0,0.067078203,0.7287032,-0.56057018,8.4916782,0.10812684,7.4910154
CAN,1994,All genders,25-55,8552102.0,0.053887598,0.53160042,-0.97017872,12.41891,0.028797381,12.501988,7099115.0,0.075276002,0.72291923,-0.58065492,8.7250299,0.12279405,7.4001017
CAN,1995,All genders,25-55,8618662.0,0.055232499,0.52619129,-1.08999,12.64608,-0.015824106,12.460956,7186159.0,0.0876908,0.72140861,-0.55357301,8.7068882,0.13799156,7.0543904
CAN,1996,All genders,25-55,8658187.0,0.067372397,0.52234489,-0.92420518,12.75442,0.066677086,11.615295,7193869.0,0.093156002,0.72754478,-0.55281723,8.6116438,0.14041914,7.0900879
CAN,1997,All genders,25-55,8750027.0,0.067904703,0.52047181,-0.86101538,12.69038,0.081317663,11.258372,7195953.0,0.089141801,0.73023742,-0.61820352,8.5759335,0.098720372,7.1569963
CAN,1998,All genders,25-55,8903653.0,0.066369303,0.51283282,-0.88857132,13.13167,0.089041747,11.071405,7228141.0,0.084305003,0.72392249,-0.71458852,8.8965359,0.0637419,7.3531237
CAN,1999,All genders,25-55,9069955.0,0.070695199,0.51510859,-0.82009202,13.07423,0.11085862,10.754548,7353646.0,0.078527801,0.72260422,-0.736826,8.9649591,0.046678424,7.4487228
CAN,2000,All genders,25-55,9199679.0,0.058878701,0.52715969,-1.002378,12.99735,0.012254503,11.151897,7441368.0,0.068237796,0.72046733,-0.73260808,9.0127935,0.033744983,7.419168
CAN,2001,All genders,25-55,9214655.0,0.053563401,0.53125203,-1.110507,13.16937,-0.024729101,11.996734,7477871.0,0.064941801,0.72086477,-0.65411639,8.9339972,0.052483711,7.5705948
CAN,2002,All genders,25-55,9196413.0,0.056699,0.53581828,-0.97479188,12.94673,0.014193729,12.496546,7465164.0,0.063004203,0.73242289,-0.56838351,8.7048407,0.088778034,7.4252744
CAN,2003,All genders,25-55,9251894.0,0.056135502,0.53792411,-0.90409458,12.85305,0.042279605,12.475879,7450311.0,0.061155502,0.74020702,-0.5081073,8.4670134,0.092419662,7.3277855
CAN,2004,All genders,25-55,9351987.0,0.054559901,0.5363465,-0.83483487,12.73778,0.066468701,12.129815,7435567.0,0.050931599,0.75950271,-0.62734139,8.2112522,0.011520491,7.3661289
CAN,2005,All genders,25-55,9408562.0,0.055136599,0.53585452,-0.81050932,12.65266,0.078457564,11.988327,7419022.0,0.051376998,0.74351621,-0.62992191,8.4133682,0.022161847,7.5564814
CAN,2006,All genders,25-55,9464298.0,0.053031899,0.53754318,-0.82164901,12.74042,0.065027647,11.772277,7478450.0,0.0516752,0.73040313,-0.616283,8.5958929,0.031544715,7.552743
CAN,2007,All genders,25-55,9548741.0,0.053676698,0.53966331,-0.84707201,12.58738,0.029490313,12.019814,7499929.0,0.051187601,0.72089988,-0.6276086,8.7856112,0.040356968,7.6568151
CAN,2008,All genders,25-55,9529798.0,0.038274199,0.56072211,-1.1228271,12.01573,-0.13772556,12.17857,7526111.0,0.049675498,0.71842062,-0.65876669,8.9287977,0.040963639,7.7842622
CAN,2009,All genders,25-55,9425164.0,0.051642802,0.5406608,-0.84706968,12.30206,0.046413861,12.862642,7473654.0,0.060337599,0.72471601,-0.51352561,8.5815401,0.11589764,7.5741739
CAN,2010,All genders,25-55,9455003.0,0.0592282,0.53025669,-0.74360049,12.37406,0.093859643,12.66054,7416067.0,0.063935801,0.71927762,-0.5373553,8.6110201,0.10352271,7.6711183
CAN,2011,All genders,25-55,9516896.0,0.056593802,0.52510327,-0.81347537,12.71357,0.075838111,12.688748,7454824.0,0.063926101,0.7178207,-0.62638801,8.6812458,0.066414565,7.7567444
CAN,2012,All genders,25-55,9544784.0,0.056751098,0.52250087,-0.84575772,12.92643,0.049939811,12.888492,,,,,,,
CAN,2013,All genders,25-55,9616691.0,0.057760701,0.52078921,-0.80372912,12.81778,0.062519357,12.671736,,,,,,,
CAN,2014,All genders,25-55,9666702.0,0.054962002,0.5258249,-0.85777259,12.57724,0.018952643,12.71008,,,,,,,
CAN,2015,All genders,25-55,9664041.0,0.055911601,0.52909011,-0.91455472,12.60778,0.011633292,13.027992,,,,,,,
CAN,2016,All genders,25-55,,,,,,,,,,,,,,
DKK,1987,All genders,25-55,1643880.0,0.024748,0.3987012,-1.595607,17.1192,-0.0720391007901435,13.44323425689708,1384448.0,0.0110995,0.5476155,-1.203244,11.49447,-0.0824684265356165,9.337601604472495
DKK,1988,All genders,25-55,1644492.0,0.0256004,0.4022576,-1.611162,17.02233,-0.0489809864289407,14.93967602657929,1388001.0,0.0129961,0.558942,-1.160435,11.14806,-0.1220379409124999,9.682854630833276
DKK,1989,All genders,25-55,1651665.0,0.0322775,0.4031654,-1.459277,17.09219,0.0068110627892168,15.65475941839349,1394766.0,0.0197731,0.5615243,-1.079733,11.11173,-0.0806638082799205,9.813803631076528
DKK,1990,All genders,25-55,1664159.0,0.0326971,0.4115987,-1.563176,16.68461,-0.0809085799610764,16.7805994013972,1412942.0,0.0223863,0.5641445,-0.9730127,11.12736,-0.037631022998489,10.01219291940805
DKK,1991,All genders,25-55,1665375.0,0.035879,0.4141181,-1.451918,16.38627,-0.0484008045288732,17.26325012416213,1419929.0,0.0262182,0.5674759,-0.8409773,10.92498,0.0159595967743381,9.957959950118903
DKK,1992,All genders,25-55,1666220.0,0.0369772,0.4295665,-1.461513,15.40946,-0.1133264907686245,17.51718985225379,1425698.0,0.0283291,0.5646842,-0.7139328,10.81544,0.0809670117201795,9.709667618079772
DKK,1993,All genders,25-55,1675394.0,0.0392268,0.4470895,-1.139657,14.03137,0.0128797903059921,15.20039904975919,1432015.0,0.0330868,0.5687971000000001,-0.5661733,10.29631,0.1544606156820495,9.103046659570367
DKK,1994,All genders,25-55,1696553.0,0.0451213,0.4372551,-1.034723,14.47106,0.0880934423525722,14.68452465335802,1437603.0,0.0356991,0.5672245,-0.4815268,10.28493,0.1666515597484526,8.909960740708099
DKK,1995,All genders,25-55,1722990.0,0.0476471,0.431092,-1.060426,14.6265,0.0524115321969894,14.54428778811635,1444717.0,0.0359222,0.5691850000000001,-0.4791457,10.24456,0.1573241305824876,8.87491684347679
DKK,1996,All genders,25-55,1747095.0,0.0486085,0.4173903,-0.9686993,15.1193,0.1161946705732158,14.42903644386774,1452917.0,0.0349348,0.5669445,-0.4710306,10.28197,0.1576619372370724,8.687341418565651
DKK,1997,All genders,25-55,1773490.0,0.0499214,0.4152133,-0.943445,15.33709,0.1063846173781228,13.67994592152227,1457470.0,0.030976,0.5712557,-0.5469801,10.35282,0.1149042464612823,8.821224468626516
DKK,1998,All genders,25-55,1793825.0,0.0420596,0.4154972,-1.040864,15.29513,0.0683809451216746,13.97923055376966,1462802.0,0.0236075,0.5780938,-0.6971319,10.3356,0.0571729604635411,9.122543449027072
DKK,1999,All genders,25-55,1799324.0,0.0412348,0.4156208,-1.04114,15.34517,0.0705381469777454,13.64511668926264,1469612.0,0.023021,0.5812181,-0.7338485,10.31647,0.0248027481782761,9.110961625039565
DKK,2000,All genders,25-55,1796305.0,0.0394058,0.4178516,-1.04355,15.3701,0.0582172863834569,13.3186704394462,1474115.0,0.0235334,0.5760193,-0.6995366,10.35603,0.0308061984084662,8.935992813484365
DKK,2001,All genders,25-55,1785106.0,0.0347308,0.420433,-1.195241,15.34763,-0.0016858792310005,13.59061005867234,1481317.0,0.0270861,0.5669146,-0.5925527,10.46565,0.0581347601997214,8.688418329558715
DKK,2002,All genders,25-55,1765297.0,0.0324306,0.4249846,-1.310342,15.40776,-0.0619220960903337,14.00992789586109,1474145.0,0.0304741,0.5626898,-0.4310518,10.38804,0.1095346925864373,8.287440122157733
DKK,2003,All genders,25-55,1746988.0,0.0390883,0.4254011,-1.149775,15.12705,0.0051964529519659,14.4238806730332,1454427.0,0.0322678,0.5592676,-0.2359799,10.10482,0.1656661012390614,7.825420210272551
DKK,2004,All genders,25-55,1743705.0,0.0429813,0.4232665,-0.8671306,14.79073,0.082256102012099,13.59878115789999,1438602.0,0.0243517,0.5852202,-0.4301111,9.667101000000001,0.0946517890383146,7.971908580187724
DKK,2005,All genders,25-55,1750482.0,0.0464064,0.419205,-0.7005017,14.69699,0.1204767596641855,12.25792974057392,1426607.0,0.0181443,0.5946648,-0.5851045,9.713654999999999,0.0496728977344712,8.143654023313676
DKK,2006,All genders,25-55,1764601.0,0.0409889,0.4150535,-0.6744746,14.8593,0.1172857695981689,11.16359876051853,1431289.0,0.0102701,0.5838486000000001,-0.6654673,10.08729,0.0227818213250419,8.346940315628055
DKK,2007,All genders,25-55,1772437.0,0.0309789,0.4070325,-0.6962671,15.19801,0.0720096625992556,10.68864302349165,1434691.0,0.004325,0.5814837,-0.777394,10.34539,-0.0155602054403653,8.551289210355758
DKK,2008,All genders,25-55,1756139.0,0.0141644,0.4342827,-1.518949,15.19177,-0.1747303149745829,11.12318354007529,1430211.0,0.0044819,0.5773606999999999,-0.9506049,11.02135,-0.0456790412007248,8.761234833653241
DKK,2009,All genders,25-55,1715822.0,0.0215124,0.4285712,-1.374486,15.66064,-0.0476135310664385,12.85916853811795,1410434.0,0.0200692,0.5781267,-0.8059644,10.82393,0.0385113817509132,9.146084908062448
DKK,2010,All genders,25-55,1693752.0,0.0339274,0.4199889,-0.9801071,15.43785,0.0420805388120101,13.9367783239968,1392343.0,0.032181,0.5815932,-0.7048315000000001,10.61827,0.0753598992459055,9.153570305459906
DKK,2011,All genders,25-55,1684513.0,0.0342435,0.41941,-0.9993022,15.66367,0.0444836427715415,14.33781907287158,1385365.0,0.0412455,0.5805657,-0.7129222,10.63769,0.0833508852288999,9.139817373606832
DKK,2012,All genders,25-55,1678724.0,0.0402408,0.4202119,-1.013049,15.67124,0.0601849613120917,13.95429159971158,,,,,,,
DKK,2013,All genders,25-55,1678158.0,0.0501154,0.4187836,-1.007238,15.58206,0.0765178757545443,13.63407905131111,,,,,,,
DKK,2014,All genders,25-55,1685904.0,0.0500851,0.4187801,-0.8932739,15.36694,0.0760757356676021,13.55164961599241,,,,,,,
DKK,2015,All genders,25-55,1695868.0,0.0551638,0.4203092,-0.8540494,15.27767,0.0866694879821982,13.11771007145505,,,,,,,
DKK,2016,All genders,25-55,,,,,,,,,,,,,,
FRA,1991,All genders,25-55,472185.0,0.055419501,0.4904201,-1.347092,15.33485,-0.095975146,17.176611,381029.0,0.032806501,0.60956031,-1.081387,11.16211,-0.13324791,10.949825
FRA,1992,All genders,25-55,482370.0,0.054912101,0.4822095,-1.292232,14.89511,-0.14242095,16.624657,403672.0,0.045658302,0.60750067,-0.98999798,10.91177,-0.096019775,10.972972
FRA,1993,All genders,25-55,409256.0,0.094223298,0.4973422,-1.7864389,15.56248,-0.21719466,16.050526,415186.0,0.067055799,0.57748371,-0.92954069,11.79137,-0.030338535,11.182093
FRA,1994,All genders,25-55,429960.0,0.095705897,0.48149019,-0.32612649,13.89119,0.18145387,16.990616,359022.0,0.084068701,0.60624802,-0.45783061,10.39717,0.10057455,11.132356
FRA,1995,All genders,25-55,522721.0,0.0635316,0.45141399,-1.335634,16.120331,-0.064102538,17.598059,445756.0,0.074440703,0.57981467,-0.82554138,11.40316,0.046297941,10.746356
FRA,1996,All genders,25-55,534457.0,0.083992101,0.4508599,-0.99576449,15.08746,0.039142683,17.958139,444100.0,0.087131001,0.60147941,-0.59200358,10.24941,0.086489916,10.060063
FRA,1997,All genders,25-55,551557.0,0.0829219,0.43701619,-1.045632,15.83979,0.064126201,17.067654,441636.0,0.089042403,0.59886301,-0.78765571,10.48058,0.085224204,9.9230509
FRA,1998,All genders,25-55,571753.0,0.089988403,0.45419681,-0.9592697,14.39043,0.066550419,16.031012,420359.0,0.067880198,0.64876568,-1.01323,9.5364637,0.0053481818,10.057332
FRA,1999,All genders,25-55,582818.0,0.0856447,0.4473578,-0.96028018,14.98366,0.09881933,15.227655,444429.0,0.047424398,0.6250807,-1.050898,10.0579,-0.015625855,10.735405
FRA,2000,All genders,25-55,595415.0,0.078759298,0.46795031,-0.89353132,13.63716,0.061395269,15.143211,463110.0,0.033080898,0.62894738,-1.00801,9.8455086,-0.035375535,10.522501
FRA,2001,All genders,25-55,580705.0,0.0670342,0.48059389,-1.16134,13.98521,-0.058119584,15.965048,474313.0,0.052634399,0.60449022,-0.98118341,10.37406,-0.024914647,10.905661
FRA,2002,All genders,25-55,1081376.0,0.040596999,0.51363611,-1.572376,13.29228,-0.20735134,18.455446,957840.0,0.058397502,0.59384167,-0.84660202,10.25799,0.025020603,10.361798
FRA,2003,All genders,25-55,1051447.0,0.044272698,0.49299341,-1.114773,13.32018,-0.084658176,19.198284,872704.0,0.071662501,0.5998891,-0.64840847,9.981082,0.069384873,10.228453
FRA,2004,All genders,25-55,1082089.0,0.0591879,0.49709201,-0.90558112,13.24963,-0.0042759269,18.806471,889727.0,0.063727804,0.61316031,-0.70274132,9.7619896,0.011096936,10.638423
FRA,2005,All genders,25-55,1133000.0,0.089726798,0.46695471,-0.94210923,14.05605,0.01290715,16.818945,919085.0,0.064876102,0.60118228,-0.86383832,10.18214,-0.020433281,10.955506
FRA,2006,All genders,25-55,1232464.0,0.076693803,0.46562859,-0.83433092,13.43556,0.098749243,16.518351,987313.0,0.0454349,0.6093747,-0.90490341,9.8738394,-0.033640586,10.641313
FRA,2007,All genders,25-55,1269541.0,0.063418902,0.4594247,-1.124349,13.70525,-0.039137743,15.707315,993696.0,0.0302033,0.59754282,-1.054525,10.20435,-0.10463799,10.774333
FRA,2008,All genders,25-55,1265097.0,0.037358999,0.47633249,-1.273082,13.31154,-0.18659087,17.262955,1005306.0,0.0322893,0.59950829,-1.093478,10.10661,-0.10171776,10.349051
FRA,2009,All genders,25-55,1278267.0,0.0630688,0.45646459,-1.10896,13.69314,-0.0412683,18.828697,1012035.0,0.0497391,0.59185672,-1.067729,10.28081,-0.045401704,10.630303
FRA,2010,All genders,25-55,1288799.0,0.065329596,0.4607892,-0.97475708,13.1712,0.0041082031,17.941662,1016020.0,0.048680302,0.6018225,-1.03111,9.8579111,-0.061314933,10.291937
FRA,2011,All genders,25-55,1272698.0,0.0512885,0.45946121,-1.21609,13.64321,-0.067865625,18.822559,1039289.0,0.048075601,0.59510469,-1.085755,10.04416,-0.062418085,10.241392
FRA,2012,All genders,25-55,1262988.0,0.063541003,0.4604311,-1.195331,13.43386,-0.016292553,15.784612,,,,,,,
FRA,2013,All genders,25-55,1270793.0,0.063244402,0.45717469,-1.181538,13.68995,-0.033084437,17.746498,,,,,,,
FRA,2014,All genders,25-55,1273133.0,0.069619402,0.46324021,-1.09278,13.06617,-0.02695949,18.151751,,,,,,,
FRA,2015,All genders,25-55,1275234.0,0.070886798,0.46702251,-1.04842,13.16238,0.027705263,17.661692,,,,,,,
FRA,2016,All genders,25-55,,,,,,,,,,,,,,
GER,2001,All genders,25-55,22126000.0,-0.0013727713,0.41203788,-0.47560033,14.50347,0.034984294,16.156656,17580520.0,0.0042125969,0.59109408,-0.25081575,9.0177412,-0.018306339,7.1146874
GER,2002,All genders,25-55,21683520.0,-0.0037502474,0.4059073,-0.59834892,14.865273,-0.037880499,15.502517,17514710.0,0.019779416,0.58324444,-0.11211687,9.1292839,0.047225863,6.9932938
GER,2003,All genders,25-55,21393900.0,0.010119531,0.40006402,-0.58357924,15.385681,0.044219211,15.38356,17381020.0,0.034137454,0.58378983,0.055088572,8.9717884,0.11979691,6.8504992
GER,2004,All genders,25-55,21138210.0,-0.0018662533,0.39357519,-0.47172672,15.868811,0.07062307,15.701141,17186240.0,0.031732973,0.59289896,0.06450446,8.761939,0.14177147,6.7355304
GER,2005,All genders,25-55,21053100.0,0.018808253,0.38795134,-0.27753782,16.726278,0.2018525,14.662094,17088170.0,0.048973002,0.5937286,0.064316437,8.7284698,0.17921817,6.65523
GER,2006,All genders,25-55,21289460.0,0.025721315,0.39150387,-0.15488271,16.880014,0.28520143,12.972523,17270150.0,0.05859236,0.59016991,0.1260294,8.6542931,0.20962289,6.1399608
GER,2007,All genders,25-55,21522290.0,0.020502789,0.39053965,-0.15027243,16.000978,0.24072547,12.380951,17429760.0,0.056540001,0.58700317,0.10377787,8.5624237,0.19378708,5.7821903
GER,2008,All genders,25-55,21475680.0,0.006866632,0.40026957,-0.50377798,15.184862,0.056842498,12.331802,17498460.0,0.057985906,0.58284932,0.074654102,8.6425886,0.18888228,5.8265586
GER,2009,All genders,25-55,21425640.0,0.021548133,0.39618802,-0.30637848,15.910574,0.22082582,13.148421,17327710.0,0.07179714,0.59289485,0.1136196,8.3868532,0.22743934,5.5110679
GER,2010,All genders,25-55,21631540.0,0.031851832,0.39670172,0.02803343,15.346487,0.31049126,11.774457,17371780.0,0.077863,0.59511513,0.15063509,8.2996159,0.24843094,5.2453403
GER,2011,All genders,25-55,21844510.0,0.024995051,0.39408451,-0.046919081,15.200595,0.25446567,11.858411,17500270.0,0.072494894,0.59282041,0.098793998,8.4535217,0.23355938,5.337822
GER,2012,All genders,25-55,21998370.0,0.026606731,0.3936398,-0.10750272,15.16927,0.22473979,12.025338,,,,,,,
GER,2013,All genders,25-55,22140960.0,0.031956274,0.39960298,-0.14296587,15.031539,0.24221352,12.202904,,,,,,,
GER,2014,All genders,25-55,22330720.0,0.037055772,0.40910217,-0.039837383,14.461301,0.29769135,11.325933,,,,,,,
GER,2015,All genders,25-55,22539370.0,0.033182621,0.41177312,-0.0026559157,14.455783,0.27537307,12.183446,,,,,,,
GER,2016,All genders,25-55,,,,,,,,,,,,,,
ITA,1985,All genders,25-55,547335.0,-0.0109253,0.44454989,0.2019341,20.371149,0.071821727,16.905073,406141.0,0.016884601,0.54990441,0.70359182,15.81024,0.2046556,9.5336752
ITA,1986,All genders,25-55,530764.0,0.0042641,0.4395912,-0.096506096,18.50024,0.057834938,15.843837,409462.0,0.0218515,0.54544628,0.41134071,13.82483,0.15508848,9.1371403
ITA,1987,All genders,25-55,528637.0,0.0036889,0.43941361,0.0196505,17.42831,0.1632559,15.683056,411135.0,0.0075735999,0.55569983,0.1585988,13.23024,0.10444976,9.2572546
ITA,1988,All genders,25-55,537793.0,-0.001295,0.43755639,0.1509231,16.9125,0.135149,15.216131,409926.0,-0.0166841,0.55761981,-0.043654501,12.95709,0.0051855985,9.8412342
ITA,1989,All genders,25-55,550839.0,0.013256,0.44124439,0.046333499,16.266991,0.091958456,15.590623,415623.0,-0.021846799,0.54948509,-0.2498053,12.86819,-0.05545453,10.277883
ITA,1990,All genders,25-55,568433.0,-0.0002949,0.44551349,-0.0197728,15.23323,0.016683914,14.966741,425855.0,-0.023910001,0.54001731,-0.1211272,12.24524,-0.010019291,10.187711
ITA,1991,All genders,25-55,575421.0,-0.0115195,0.4483479,-0.27850369,15.32283,-0.037915863,15.716728,435490.0,-0.023229999,0.53572369,-0.1904254,12.53238,-0.013799469,9.9791803
ITA,1992,All genders,25-55,569304.0,-0.041504301,0.45150661,-0.77668911,15.95365,-0.22196239,16.817749,442022.0,-0.018569499,0.53655457,-0.16682009,12.58959,-0.0029313557,10.48437
ITA,1993,All genders,25-55,561853.0,-0.0140416,0.4417178,-0.4090364,16.26376,-0.072319947,17.790136,432918.0,0.0011153,0.55273461,-0.1975328,13.34059,0.023532931,10.442791
ITA,1994,All genders,25-55,558980.0,0.0086287996,0.43894961,0.098647803,15.69281,0.11082186,16.665257,412293.0,0.062169399,0.5664112,0.1854247,11.43232,0.10882518,10.072969
ITA,1995,All genders,25-55,566499.0,0.0069402,0.44030711,0.0021446,15.50937,0.025271969,18.410944,421399.0,0.067807801,0.56465608,0.138642,11.28142,0.12851255,9.9548264
ITA,1996,All genders,25-55,573630.0,0.00081429997,0.44503179,-0.041808002,15.47862,0.10026322,17.877571,432817.0,0.071987003,0.5810166,0.25832441,10.70703,0.16709907,9.4787827
ITA,1997,All genders,25-55,568620.0,0.0050228001,0.46854529,-0.31910881,16.636379,0.050350003,18.205635,437995.0,0.1059198,0.58718872,0.38482919,10.30183,0.19842575,9.5700636
ITA,1998,All genders,25-55,549779.0,0.057782799,0.4800905,0.2456544,14.28573,0.15058807,17.963995,442034.0,0.087914303,0.59709078,0.32824281,10.47181,0.19923955,9.5503979
ITA,1999,All genders,25-55,571504.0,0.036805201,0.49048269,0.22221801,13.20504,0.21607786,17.371038,456779.0,0.054858498,0.60942942,0.34273249,9.7974091,0.20046003,9.7505951
ITA,2000,All genders,25-55,606632.0,0.0278531,0.49540189,0.35370779,12.9954,0.20775035,16.474207,478016.0,0.041220699,0.62087798,0.1184526,10.2916,0.14682028,9.8704882
ITA,2001,All genders,25-55,628540.0,0.041267499,0.48545861,0.23284119,13.34291,0.1320121,16.556993,499992.0,0.033049401,0.60664493,0.0501706,10.51521,0.12109617,10.172374
ITA,2002,All genders,25-55,655760.0,0.0052136998,0.4864589,0.0453365,12.34557,0.18784255,15.926837,523599.0,0.037365898,0.6138941,0.0499226,9.9323425,0.17215091,9.5048542
ITA,2003,All genders,25-55,659319.0,0.0080290996,0.47951409,-0.0045683999,13.39114,0.029143261,17.72089,529787.0,0.045562401,0.60846591,0.000279,10.3718,0.10582677,9.7334747
ITA,2004,All genders,25-55,655452.0,0.0050299,0.48457119,-0.29706451,13.67055,-0.012233187,17.706366,526964.0,0.020644501,0.64271742,-0.31453729,9.8571482,-0.031981915,9.4661655
ITA,2005,All genders,25-55,673338.0,0.0134898,0.47864181,0.1021994,13.64009,0.1275076,16.617031,527549.0,0.020916199,0.65078902,-0.34597459,10.35501,-0.0082491012,10.135547
ITA,2006,All genders,25-55,687002.0,0.041834,0.48452291,0.24704111,13.18267,0.17544487,16.397587,531656.0,0.020859599,0.64910161,-0.53301179,10.7767,-0.052227069,10.311283
ITA,2007,All genders,25-55,707119.0,0.0120422,0.4959124,0.1153499,13.08961,0.073673904,15.68816,535868.0,-0.0151606,0.66193098,-0.54887259,10.46407,-0.12791014,9.9038401
ITA,2008,All genders,25-55,702330.0,-0.031018101,0.51981348,-0.65855873,12.30935,-0.27489427,14.043139,533602.0,-0.040686801,0.65001512,-0.67345577,10.43105,-0.19033454,9.8902788
ITA,2009,All genders,25-55,692261.0,-0.0057123001,0.50339311,-0.39678141,13.41994,-0.043071244,16.89558,528389.0,-0.028196801,0.64843762,-0.3665733,10.42118,-0.08704666,9.7365332
ITA,2010,All genders,25-55,685816.0,0.0034678001,0.50277841,-0.182868,13.59538,-0.015322762,17.441006,518169.0,-0.0205223,0.6497854,-0.1500324,10.41765,-0.063814446,10.35073
ITA,2011,All genders,25-55,674177.0,-0.020372801,0.50525272,-0.3808454,13.44167,-0.15249656,17.223518,520402.0,-0.0251895,0.64436328,0.099533901,10.81004,0.0019806754,10.47302
ITA,2012,All genders,25-55,657886.0,-0.0311002,0.5050019,-0.3005372,13.23881,-0.13870035,17.593557,,,,,,,
ITA,2013,All genders,25-55,648054.0,-0.0100369,0.49041781,-0.1583222,13.9038,-0.016382035,18.176004,,,,,,,
ITA,2014,All genders,25-55,633349.0,0.0107941,0.49299011,0.0056679999,13.47037,0.062617309,18.618851,,,,,,,
ITA,2015,All genders,25-55,639531.0,0.017661,0.50713021,0.4237999,12.77786,0.22537813,17.484772,,,,,,,
ITA,2016,All genders,25-55,,,,,,,,,,,,,,
MEX,2005,All genders,25-55,10700000.0,0.041920699,0.65257943,-0.33512959,8.1562176,0.026024301,12.600286,8009494.0,0.0065923999,0.89488357,-0.40121201,6.1229939,-0.082865268,6.4103484
MEX,2006,All genders,25-55,11200000.0,0.0388049,0.64937222,-0.36496809,8.1350679,-0.0067862603,12.68131,8421617.0,0.0025309999,0.88946933,-0.39490479,6.1122661,-0.085029855,6.3857312
MEX,2007,All genders,25-55,11600000.0,0.0238322,0.65407932,-0.42659709,8.1325502,-0.047982674,12.835885,8832780.0,0.0068019,0.88419491,-0.38184109,6.1562772,-0.078159459,6.4291501
MEX,2008,All genders,25-55,11700000.0,-0.0153146,0.66674978,-0.66567761,8.0513563,-0.17805128,13.780156,9158298.0,0.0155499,0.87994421,-0.37242171,6.1983399,-0.075268641,6.5106139
MEX,2009,All genders,25-55,11800000.0,0.0395176,0.65379882,-0.38486591,8.4874249,0.0078146365,14.808865,9227214.0,0.060989201,0.8953374,-0.28718799,6.1302338,-0.012409829,6.4899826
MEX,2010,All genders,25-55,12200000.0,0.042791899,0.6439603,-0.33107969,8.4396677,0.025426555,13.799607,9592269.0,0.072824001,0.88553149,-0.29289809,6.1626,-0.0087931501,6.4264879
MEX,2011,All genders,25-55,12800000.0,0.048579399,0.63773781,-0.32181489,8.5776272,0.031036282,13.907711,9983684.0,0.0833406,0.88642448,-0.336476,6.165813,-0.026792306,6.4955664
MEX,2012,All genders,25-55,13300000.0,0.042792398,0.63670301,-0.41734251,8.5439787,-0.016876262,14.206645,10400000.0,0.084626898,0.88549447,-0.35783741,6.1606359,-0.02569879,6.414485
MEX,2013,All genders,25-55,13800000.0,0.0493645,0.64551687,-0.41354111,8.4460497,0.0065982086,13.626219,10700000.0,0.087959401,0.88526869,-0.3285448,6.0944099,-0.012910313,6.2502341
MEX,2014,All genders,25-55,14400000.0,0.053314801,0.64039952,-0.37394169,8.451705,0.020953409,13.309361,11100000.0,0.075798102,0.88542259,-0.30178511,6.005064,-0.0067418837,6.0823455
MEX,2015,All genders,25-55,14900000.0,0.055877302,0.64845377,-0.45318899,8.3312006,-0.019647595,13.045316,,,,,,,
MEX,2016,All genders,25-55,15500000.0,0.054035202,0.64541131,-0.38237891,8.2507553,0.022769433,12.456977,,,,,,,
MEX,2017,All genders,25-55,16100000.0,0.055833802,0.63539141,-0.40686429,8.311327,0.0076846681,12.292682,,,,,,,
MEX,2018,All genders,25-55,16700000.0,0.045927901,0.64022177,-0.44617689,8.0845432,-0.0025309501,11.734008,,,,,,,
MEX,2019,All genders,25-55,,,,,,,,,,,,,,
NOR,1993,All genders,25-55,1474751.0,0.0540745,0.54280639,-1.041374,13.29413,-0.0076905834,14.190105,1269854.0,0.041170999,0.81215793,-0.84803951,9.4578199,0.029938176,9.744894
NOR,1994,All genders,25-55,1504062.0,0.0516969,0.55402488,-0.99328798,12.98979,0.0089972457,14.19699,1283914.0,0.036568899,0.83235222,-0.8713488,9.2125292,0.023186449,9.6540871
NOR,1995,All genders,25-55,1534678.0,0.0482512,0.56529957,-1.02563,12.80203,-0.0010547208,14.164179,1297686.0,0.034003299,0.84843618,-0.89120448,8.9861498,-0.0055969232,9.4536219
NOR,1996,All genders,25-55,1558385.0,0.045616899,0.57006693,-0.9730081,12.44695,-0.0015804172,13.616282,1304104.0,0.029654801,0.86007839,-0.93086708,8.98666,-0.019169211,9.4016895
NOR,1997,All genders,25-55,1576230.0,0.0478305,0.57896322,-0.97320497,11.99731,0.0045412923,13.447745,1328669.0,0.041152202,0.79215568,-0.59743452,9.1237297,0.038534652,8.3680544
NOR,1998,All genders,25-55,1593421.0,0.046329498,0.57489502,-1.094278,12.07499,-0.037688427,13.66547,1341415.0,0.0404629,0.77996951,-0.59364247,9.2588425,0.027853854,8.3026028
NOR,1999,All genders,25-55,1598627.0,0.0452592,0.59232152,-1.084922,11.54527,-0.091924638,13.687211,1346730.0,0.039062899,0.7722249,-0.51015341,9.3988237,0.046595477,8.3996105
NOR,2000,All genders,25-55,1596599.0,0.041235201,0.59703588,-1.0450881,11.39587,-0.072071731,13.548017,1350777.0,0.037740901,0.76927191,-0.44906569,9.4571133,0.091139965,8.4691591
NOR,2001,All genders,25-55,1595974.0,0.0489708,0.60851097,-0.46719399,11.21093,0.027474605,13.630112,1353889.0,0.042860001,0.78226292,-0.45568779,9.6442051,0.11420295,8.6072569
NOR,2002,All genders,25-55,1633848.0,0.033211902,0.58106017,-0.86322027,12.04415,-0.034924217,13.294056,1386303.0,0.0396755,0.78343409,-0.64833242,10.086,0.10020048,8.4980974
NOR,2003,All genders,25-55,1633801.0,0.0316386,0.57651812,-0.8071925,12.35806,0.016794294,13.625401,1340228.0,0.0146349,0.85329658,-0.95546359,9.5640602,0.024032675,9.2036791
NOR,2004,All genders,25-55,1633824.0,0.033894598,0.57013983,-0.76581258,12.78677,0.059351925,13.549176,1334784.0,0.0179614,0.85055429,-0.9390254,9.5180998,0.0150295,9.1458483
NOR,2005,All genders,25-55,1642592.0,0.0381179,0.58296359,-0.81920028,13.00298,0.071158141,13.243776,1336040.0,0.016814301,0.86342758,-0.97367573,9.3071957,-0.020850565,9.4030418
NOR,2006,All genders,25-55,1662177.0,0.049423099,0.5967468,-0.80569643,13.09576,0.10291982,13.098995,1343104.0,0.0159472,0.8587122,-0.95969748,9.5487738,-0.022593237,9.5179358
NOR,2007,All genders,25-55,1628873.0,0.013515,0.66000932,-1.193334,12.25925,-0.072908022,13.866137,1353125.0,0.0032615,0.82873672,-0.71513432,9.6278658,-0.0093113687,9.4078121
NOR,2008,All genders,25-55,1634037.0,0.0361287,0.59706348,-1.069052,12.92529,-0.043385927,13.720512,1357823.0,0.0265432,0.79727912,-0.74298149,10.14898,0.019532273,9.4181604
NOR,2009,All genders,25-55,1628605.0,0.023986399,0.61487699,-1.113798,12.16855,-0.14274001,14.810724,1355045.0,0.028328899,0.7965731,-0.73102301,10.06532,0.023069572,9.579155
NOR,2010,All genders,25-55,1641228.0,0.048795201,0.59021449,-0.9194687,11.81165,0.0014681675,14.320027,1361909.0,0.0397726,0.78988081,-0.65276188,9.8089085,0.067994319,9.3516998
NOR,2011,All genders,25-55,1660460.0,0.031383201,0.58886182,-0.98715621,12.64587,0.028578615,13.852788,1376581.0,0.0344932,0.79266059,-0.68954498,9.8682356,0.053178605,9.4257059
NOR,2012,All genders,25-55,1686111.0,0.0373317,0.5840559,-0.95492572,12.53794,0.013016021,14.127649,1397811.0,0.0370184,0.79459631,-0.70664668,9.9813128,0.046490334,9.4473753
NOR,2013,All genders,25-55,1706874.0,0.0325022,0.58768457,-0.93997288,12.34935,-0.0073747477,14.274898,,,,,,,
NOR,2014,All genders,25-55,1725816.0,0.0297538,0.58861262,-0.75367182,12.03277,-0.0054223961,13.893211,,,,,,,
NOR,2015,All genders,25-55,1738093.0,0.027454801,0.58837622,-0.94727957,11.95127,-0.020096866,14.250286,,,,,,,
NOR,2016,All genders,25-55,1757078.0,0.0336725,0.58410293,-0.88498622,12.15399,0.017063359,14.36023,,,,,,,
NOR,2017,All genders,25-55,,,,,,,,,,,,,,
ESP,2005,All genders,25-55,378551.0,0.050792,0.4699648,-0.539695,13.82374,0.1806714138278647,13.60300460947075,293416.0,0.0420492,0.7030987,-0.9411186,8.646374,-0.1387547929460954,8.981717447348611
ESP,2006,All genders,25-55,395547.0,0.0570309,0.4668188,-0.67598,14.09335,0.1430292812477935,12.83122642392668,299681.0,0.0256174,0.6998958,-1.119004,8.768967999999999,-0.2200072105585676,8.865480896236562
ESP,2007,All genders,25-55,409698.0,0.0350939,0.4928105,-1.050656,13.09118,-0.0919882541261978,14.7795268595081,302129.0,-0.014442,0.7256365,-1.300704,8.364139,-0.3279811116949845,8.691860830656529
ESP,2008,All genders,25-55,404766.0,0.0010557,0.5476042,-1.608268,11.77545,-0.3520730986570236,15.9294649057555,300507.0,-0.0165595,0.7314374,-1.382317,8.314162,-0.3759846057694906,8.557540835775416
ESP,2009,All genders,25-55,390285.0,0.0326061,0.5216166,-1.216799,12.7448,-0.1023039516962553,19.59401883361828,295390.0,0.020051,0.7045777,-1.087075,8.640468,-0.2271691051663286,9.379531408231307
ESP,2010,All genders,25-55,382217.0,0.0425168,0.5177537,-1.109027,12.48188,-0.0866620202275796,18.82866443048354,296139.0,0.0387003,0.6714668,-0.9126439,9.096062,-0.1188896912693365,9.708287166454118
ESP,2011,All genders,25-55,370516.0,0.0208497,0.5296162,-1.408989,12.04675,-0.2529659239065946,16.4024830765357,295758.0,0.0441623,0.6456938,-0.6935748,9.340310000000001,0.0089976461704551,9.420508052553672
ESP,2012,All genders,25-55,355133.0,0.070334,0.5170442,-1.351118,12.67468,-0.1802725160854914,17.72117933699492,290660.0,0.0751772,0.6385446,-0.281563,8.844314000000001,0.166516141282841,8.683014174171158
ESP,2013,All genders,25-55,352053.0,0.0940575,0.4963471,-0.7829481,12.65196,0.1098399694961929,19.28331105421755,287553.0,0.0731423,0.6444791,0.0616043,8.149649999999999,0.2981756502777902,7.71573630303856
ESP,2014,All genders,25-55,357923.0,0.0905997,0.4844908,-0.5496837,12.33952,0.2180379000672122,15.66431299353718,,,,,,,
ESP,2015,All genders,25-55,365081.0,0.0718818,0.4745204,-0.5752254999999999,12.88449,0.2369793900397647,14.99102078315964,,,,,,,
ESP,2016,All genders,25-55,371446.0,0.0670834,0.4650708,-0.4873638,12.88483,0.244721680203914,14.11179457673796,,,,,,,
ESP,2017,All genders,25-55,377290.0,0.05895,0.4530205,-0.5551262,13.108,0.2202651819229089,13.82779406184164,,,,,,,
ESP,2018,All genders,25-55,,,,,,,,,,,,,,
SWE,1985,All genders,25-55,2909086.0,0.034295399,0.44848651,-1.0332119,12.89553,0.0076180911,12.001147,2511888.0,0.0174248,0.64482683,-0.84307063,8.4780273,-0.0078854794,8.2236624
SWE,1986,All genders,25-55,2934684.0,0.035155099,0.45159689,-1.0406049,12.76223,0.0039648688,11.724092,2538632.0,0.0148698,0.64391673,-0.84072548,8.4087811,-0.012994038,8.1930532
SWE,1987,All genders,25-55,2974371.0,0.038455699,0.46286961,-1.03784,12.32245,0.0092922077,11.532549,2529065.0,0.0053705,0.65834987,-0.94265473,8.3508425,-0.089313261,8.6946487
SWE,1988,All genders,25-55,3020653.0,0.034425002,0.46719211,-0.97635877,12.07656,0.011080751,11.270584,2520739.0,-0.0033735,0.68187648,-1.035647,8.0509071,-0.166655,8.6256304
SWE,1989,All genders,25-55,3029659.0,0.027628601,0.4781118,-1.148523,12.25473,-0.052560985,10.622782,2530843.0,-0.0047868001,0.68866569,-1.055286,8.1333265,-0.18248145,8.7709427
SWE,1990,All genders,25-55,3037483.0,0.0245084,0.4833594,-1.079623,11.79803,-0.039080545,11.40169,2536494.0,-0.0016896999,0.67837822,-0.9737041,8.3214369,-0.13917007,9.1186762
SWE,1991,All genders,25-55,3023584.0,0.015691699,0.48794809,-1.344133,12.05346,-0.19936593,12.806154,2545168.0,-0.0024655,0.6790123,-0.92655802,8.4367266,-0.12424696,9.1613083
SWE,1992,All genders,25-55,2944803.0,0.0232126,0.50296438,-1.377815,12.07038,-0.1859289,13.915431,2488758.0,0.0089964997,0.68021601,-0.78526711,8.3517036,-0.030081851,9.4351854
SWE,1993,All genders,25-55,2890005.0,0.043260701,0.50391978,-1.085379,12.07653,-0.013535804,14.145401,2429103.0,0.022075299,0.69110233,-0.60225618,7.9793649,0.054260697,9.0235691
SWE,1994,All genders,25-55,2904627.0,0.047548302,0.49984029,-0.8289066,11.96222,0.08734785,13.628983,2420108.0,0.026903899,0.69983,-0.54481411,7.725966,0.07463219,8.7433186
SWE,1995,All genders,25-55,2927282.0,0.038855799,0.4836047,-1.017056,12.6703,0.016521126,13.857285,2430570.0,0.0305853,0.70500189,-0.58728182,7.7586989,0.061254147,8.6282253
SWE,1996,All genders,25-55,2912809.0,0.045282502,0.4754312,-1.037837,12.95555,0.024008013,14.52328,2410274.0,0.035680499,0.71427667,-0.58811218,7.6410241,0.070491672,8.5142813
SWE,1997,All genders,25-55,2900243.0,0.057168301,0.4909026,-0.87511861,12.15938,0.07272061,14.026562,2384757.0,0.038713001,0.72112739,-0.60991633,7.5256152,0.060105845,8.5917978
SWE,1998,All genders,25-55,2920083.0,0.0584023,0.49766669,-0.83811158,11.7511,0.083159342,13.113032,2388535.0,0.0333394,0.72084069,-0.61634189,7.4843221,0.044037327,8.659236
SWE,1999,All genders,25-55,2938339.0,0.056226298,0.51231158,-0.82211602,11.48207,0.08514113,13.009183,2394015.0,0.025517,0.71825469,-0.61385119,7.5148082,0.030130431,8.9054861
SWE,2000,All genders,25-55,2954256.0,0.047313198,0.51193571,-0.87288862,11.42104,0.054063857,12.684071,2414971.0,0.018763401,0.70854992,-0.60628343,7.6529331,0.022779346,8.9238644
SWE,2001,All genders,25-55,2943896.0,0.041867498,0.51183271,-1.050559,11.64491,-0.023521293,13.500442,2435667.0,0.0213966,0.69132191,-0.56117523,7.7843161,0.044085637,8.9195051
SWE,2002,All genders,25-55,2911353.0,0.040692098,0.50710511,-1.035551,11.67105,-0.022264289,13.967216,2438819.0,0.026229201,0.67413437,-0.43649319,7.8879519,0.12163127,8.7101536
SWE,2003,All genders,25-55,2867694.0,0.040181,0.50475347,-1.062341,11.74928,-0.018502498,14.256489,2427420.0,0.032003701,0.66049743,-0.34287071,7.98105,0.17271604,8.4834957
SWE,2004,All genders,25-55,2842000.0,0.0463631,0.50478792,-0.92614609,11.63152,0.056370765,14.090462,2396727.0,0.035752598,0.66070199,-0.3479493,7.8614779,0.15996729,8.4233437
SWE,2005,All genders,25-55,2848354.0,0.0534737,0.50190097,-0.80295497,11.54849,0.11267082,13.486733,2396238.0,0.040132601,0.65541631,-0.39046091,7.9774671,0.15562381,8.3817759
SWE,2006,All genders,25-55,2885485.0,0.051666401,0.49109039,-0.67162633,11.63875,0.17153315,12.570148,2428865.0,0.039356101,0.63956821,-0.37393901,8.188385,0.16513754,8.1863623
SWE,2007,All genders,25-55,2919028.0,0.044639401,0.4748435,-0.78012037,12.32987,0.11389442,12.817156,2456880.0,0.037082199,0.63196468,-0.47862089,8.4603748,0.11681063,8.4650002
SWE,2008,All genders,25-55,2918437.0,0.030758699,0.48234189,-1.116536,12.27273,-0.065008156,13.406446,2469637.0,0.0359804,0.62882268,-0.56277829,8.6167326,0.079529136,8.7120838
SWE,2009,All genders,25-55,2890686.0,0.0482268,0.4744446,-0.93143177,12.51631,0.077986404,13.781837,2444989.0,0.045719601,0.63015169,-0.51141977,8.4997368,0.1215727,8.5631409
SWE,2010,All genders,25-55,2920474.0,0.054755401,0.47429121,-0.69477481,12.1942,0.1786584,12.926324,2466527.0,0.0484895,0.63417768,-0.50528032,8.3977356,0.12508075,8.3435173
SWE,2011,All genders,25-55,2969004.0,0.044283401,0.4710753,-0.91081911,12.53776,0.075047866,13.260451,2522010.0,0.0461323,0.62705332,-0.52689582,8.5033789,0.10597996,8.2909861
SWE,2012,All genders,25-55,2992901.0,0.042793699,0.47403589,-0.98702842,12.48978,0.04719102,13.60987,,,,,,,
SWE,2013,All genders,25-55,3019517.0,0.046762299,0.47604591,-0.90163201,12.27468,0.076995619,13.533985,,,,,,,
SWE,2014,All genders,25-55,3070853.0,0.050027799,0.47896329,-0.86421841,12.06148,0.10124829,13.001637,,,,,,,
SWE,2015,All genders,25-55,3142637.0,0.051403999,0.479987,-0.77710068,11.78741,0.12449561,12.524101,,,,,,,
SWE,2016,All genders,25-55,,,,,,,,,,,,,,
USA,1998,All genders,25-55,76000000.0,0.06758,0.571,-0.8803,11.85,-0.004455,9.592,60700000.0,0.03332,0.8186,-0.8948,8.126,-0.09822,6.984
USA,1999,All genders,25-55,77100000.0,0.06184,0.5741,-0.8737,11.87,-0.005961,9.625,61900000.0,0.03347,0.8206,-0.8729,8.179,-0.1014,7.057
USA,2000,All genders,25-55,77800000.0,0.04583,0.5769,-1.039,11.92,-0.08607,9.823,62500000.0,0.03007,0.8119,-0.8763,8.379,-0.1008,7.166
USA,2001,All genders,25-55,76900000.0,0.03823,0.5881,-1.249,12.14,-0.149,10.73,62500000.0,0.03629,0.8058,-0.8407,8.526,-0.07366,7.272
USA,2002,All genders,25-55,76000000.0,0.04227,0.5896,-1.159,11.98,-0.1132,11.32,61900000.0,0.04525,0.8086,-0.7607,8.462,-0.02819,7.293
USA,2003,All genders,25-55,76100000.0,0.0588,0.5852,-0.9664,11.98,-0.03637,11.17,61100000.0,0.04111,0.8103,-0.6655,8.224,-0.017,7.215
USA,2004,All genders,25-55,85300000.0,0.05662,0.5784,-0.9096,12.13,-0.003915,11.0,66600000.0,0.009284,0.8283,-0.7369,7.829,-0.1025,7.251
USA,2005,All genders,25-55,85800000.0,0.05698,0.5772,-0.9004,12.22,-0.002255,10.91,66000000.0,-0.002135,0.8144,-0.7504,7.961,-0.1137,7.412
USA,2006,All genders,25-55,86400000.0,0.05269,0.5793,-0.9434,12.33,-0.02262,10.98,66400000.0,-0.006402,0.8043,-0.7262,8.097,-0.1097,7.447
USA,2007,All genders,25-55,86400000.0,0.03367,0.5802,-0.9552,12.12,-0.0859,11.21,66900000.0,-0.007014,0.7934,-0.6843,8.299,-0.09109,7.553
USA,2008,All genders,25-55,84100000.0,0.007669,0.6,-1.343,11.59,-0.2556,11.31,66800000.0,0.01064,0.7756,-0.7084,8.504,-0.06125,7.674
USA,2009,All genders,25-55,81400000.0,0.04383,0.5696,-1.029,12.23,-0.05259,12.51,65100000.0,0.0554,0.7776,-0.538,8.322,0.0524,7.438
USA,2010,All genders,25-55,80900000.0,0.06723,0.5555,-0.8981,12.32,0.02036,12.33,64600000.0,0.07649,0.7665,-0.5635,8.491,0.07727,7.272
USA,2011,All genders,25-55,81600000.0,0.06939,0.5493,-0.8819,12.49,0.04327,12.03,63800000.0,0.07589,0.7652,-0.5884,8.545,0.07947,7.183
USA,2012,All genders,25-55,82500000.0,0.06842,0.5461,-0.9242,12.59,0.02612,11.97,64500000.0,0.07523,0.7646,-0.6204,8.638,0.07361,7.104
USA,2013,All genders,25-55,83600000.0,0.06998,0.5416,-0.8746,12.64,0.04757,11.62,65400000.0,0.07353,0.7635,-0.624,8.676,0.07689,6.999
USA,2014,All genders,25-55,85000000.0,0.06875,0.5402,-0.8708,12.77,0.04908,11.17,66600000.0,0.06618,0.7636,-0.6463,8.748,0.06881,6.937
USA,2015,All genders,25-55,84600000.0,0.05799,0.5405,-0.9214,12.92,0.02795,11.14,,,,,,,
USA,2016,All genders,25-55,85500000.0,0.05866,0.5378,-0.9262,13.13,0.02347,11.29,,,,,,,
USA,2017,All genders,25-55,86400000.0,0.05797,0.5387,-0.8807,13.2,0.03548,11.19,,,,,,,
USA,2018,All genders,25-55,87400000.0,0.05363,0.5399,-0.8961,13.36,0.03234,11.14,,,,,,,
USA,2019,All genders,25-55,,,,,,,,,,,,,,
